{"cameraMode":{"drawMode":0,"name":"Shaded","section":"Shading Mode"},"sceneLighting":true,"audioPlay":false,"sceneViewState":{"m_AlwaysRefresh":false,"showFog":true,"showSkybox":true,"showFlares":true,"showImageEffects":true,"showParticleSystems":true,"showVisualEffectGraphs":true,"m_FxEnabled":true},"in2DMode":false,"pivot":{"x":-379.3732604980469,"y":0.7273107171058655,"z":-414.04534912109377},"rotation":{"x":-0.18726742267608643,"y":0.015006809495389462,"z":-0.0028612858150154354,"w":-0.9822001457214356},"size":7.822744846343994,"orthographic":false}