{"cameraMode":{"drawMode":0,"name":"Shaded","section":"Shading Mode"},"sceneLighting":true,"audioPlay":false,"sceneViewState":{"m_AlwaysRefresh":false,"showFog":true,"showSkybox":true,"showFlares":true,"showImageEffects":true,"showParticleSystems":true,"showVisualEffectGraphs":true,"m_FxEnabled":true},"in2DMode":false,"pivot":{"x":-150.05560302734376,"y":-129.35618591308595,"z":83.46357727050781},"rotation":{"x":-0.32755783200263979,"y":-0.03031364269554615,"z":0.010514936409890652,"w":-0.9442822933197022},"size":123.3211669921875,"orthographic":false}