{"cameraMode":{"drawMode":0,"name":"Shaded","section":"Shading Mode"},"sceneLighting":true,"audioPlay":false,"sceneViewState":{"m_AlwaysRefresh":false,"showFog":true,"showSkybox":true,"showFlares":true,"showImageEffects":true,"showParticleSystems":true,"showVisualEffectGraphs":true,"m_FxEnabled":true},"in2DMode":false,"pivot":{"x":186.93063354492188,"y":-5.719206809997559,"z":189.0899658203125},"rotation":{"x":0.1887555867433548,"y":-0.005892104934900999,"z":0.0011325266677886248,"w":0.9820054173469544},"size":13.964631080627442,"orthographic":false}