{"cameraMode":{"drawMode":0,"name":"Shaded","section":"Shading Mode"},"sceneLighting":true,"audioPlay":false,"sceneViewState":{"showFog":true,"showMaterialUpdate":false,"showSkybox":true,"showFlares":true,"showImageEffects":true,"showParticleSystems":true},"in2DMode":false,"pivot":{"x":38.154701232910159,"y":-20.428951263427736,"z":-33.197505950927737},"rotation":{"x":-0.3996373414993286,"y":-0.2894524931907654,"z":0.1346067190170288,"w":-0.8593126535415649},"size":27.06380844116211,"orthographic":false}