{"cameraMode":{"drawMode":0,"name":"Shaded","section":"Shading Mode"},"sceneLighting":true,"audioPlay":false,"sceneViewState":{"showFog":true,"showMaterialUpdate":false,"showSkybox":true,"showFlares":true,"showImageEffects":true,"showParticleSystems":true},"in2DMode":false,"pivot":{"x":3.22021484375,"y":18.897705078125,"z":1.26422119140625},"rotation":{"x":0.1818627119064331,"y":-0.743526041507721,"z":0.22415293753147126,"w":0.6032368540763855},"size":8.643112182617188,"orthographic":true}